{
  "total_tokens": 0,
  "duration_ms": 48987,
  "total_duration_seconds": 48.987,
  "executor_start": 1777011482.620268,
  "executor_end": 1777011531.606926,
  "executor_duration_seconds": 48.987
}
