{
  "total_tokens": 0,
  "duration_ms": 81703,
  "total_duration_seconds": 81.703,
  "executor_start": 1776949383.386819,
  "executor_end": 1776949465.0900407,
  "executor_duration_seconds": 81.703
}