{
  "total_tokens": 0,
  "duration_ms": 20059,
  "total_duration_seconds": 20.059,
  "executor_start": 1777016193.1536477,
  "executor_end": 1777016213.212875,
  "executor_duration_seconds": 20.059
}
