{
  "total_tokens": 0,
  "duration_ms": 33306,
  "total_duration_seconds": 33.306,
  "executor_start": 1777012573.738911,
  "executor_end": 1777012607.0451758,
  "executor_duration_seconds": 33.306
}
