{
  "total_tokens": 0,
  "duration_ms": 19106,
  "total_duration_seconds": 19.106,
  "executor_start": 1777011257.4301074,
  "executor_end": 1777011276.535687,
  "executor_duration_seconds": 19.106
}
