{
  "total_tokens": 0,
  "duration_ms": 24601,
  "total_duration_seconds": 24.601,
  "executor_start": 1777016837.5019705,
  "executor_end": 1777016862.1027994,
  "executor_duration_seconds": 24.601
}
