{
  "total_tokens": 0,
  "duration_ms": 28695,
  "total_duration_seconds": 28.695,
  "executor_start": 1777011433.3508034,
  "executor_end": 1777011462.0458708,
  "executor_duration_seconds": 28.695
}
