{
  "total_tokens": 0,
  "duration_ms": 22055,
  "total_duration_seconds": 22.055,
  "executor_start": 1777009294.1488378,
  "executor_end": 1777009316.20425,
  "executor_duration_seconds": 22.055
}
