{
  "total_tokens": 0,
  "duration_ms": 52557,
  "total_duration_seconds": 52.557,
  "executor_start": 1777016140.5948446,
  "executor_end": 1777016193.1517851,
  "executor_duration_seconds": 52.557
}
