{
  "total_tokens": 0,
  "duration_ms": 30131,
  "total_duration_seconds": 30.131,
  "executor_start": 1777012771.2837903,
  "executor_end": 1777012801.4149504,
  "executor_duration_seconds": 30.131
}
