{
  "total_tokens": 0,
  "duration_ms": 80808,
  "total_duration_seconds": 80.808,
  "executor_start": 1776956083.0550907,
  "executor_end": 1776956163.8632424,
  "executor_duration_seconds": 80.808
}
