{
  "total_tokens": 0,
  "duration_ms": 33776,
  "total_duration_seconds": 33.776,
  "executor_start": 1777012539.9613025,
  "executor_end": 1777012573.7375693,
  "executor_duration_seconds": 33.776
}
