{
  "total_tokens": 0,
  "duration_ms": 17099,
  "total_duration_seconds": 17.099,
  "executor_start": 1777008213.2527487,
  "executor_end": 1777008230.351453,
  "executor_duration_seconds": 17.099
}
