{
  "total_tokens": 0,
  "duration_ms": 32045,
  "total_duration_seconds": 32.045,
  "executor_start": 1777006638.2382653,
  "executor_end": 1777006670.2837498,
  "executor_duration_seconds": 32.045
}
