{
  "total_tokens": 0,
  "duration_ms": 29714,
  "total_duration_seconds": 29.714,
  "executor_start": 1777012510.2456665,
  "executor_end": 1777012539.9599543,
  "executor_duration_seconds": 29.714
}
