{
  "total_tokens": 0,
  "duration_ms": 29216,
  "total_duration_seconds": 29.216,
  "executor_start": 1777011531.6084507,
  "executor_end": 1777011560.82423,
  "executor_duration_seconds": 29.216
}
