{
  "total_tokens": 0,
  "duration_ms": 22958,
  "total_duration_seconds": 22.958,
  "executor_start": 1777012382.241057,
  "executor_end": 1777012405.199523,
  "executor_duration_seconds": 22.958
}
