{
  "total_tokens": 0,
  "duration_ms": 34188,
  "total_duration_seconds": 34.188,
  "executor_start": 1777011705.4226222,
  "executor_end": 1777011739.6108003,
  "executor_duration_seconds": 34.188
}
