{
  "total_tokens": 0,
  "duration_ms": 21889,
  "total_duration_seconds": 21.889,
  "executor_start": 1777017139.6304064,
  "executor_end": 1777017161.51926,
  "executor_duration_seconds": 21.889
}
