{
  "total_tokens": 0,
  "duration_ms": 20621,
  "total_duration_seconds": 20.621,
  "executor_start": 1777005025.06627,
  "executor_end": 1777005045.686852,
  "executor_duration_seconds": 20.621
}
