{
  "total_tokens": 0,
  "duration_ms": 40414,
  "total_duration_seconds": 40.414,
  "executor_start": 1777016332.4578958,
  "executor_end": 1777016372.8720827,
  "executor_duration_seconds": 40.414
}
