{
  "total_tokens": 0,
  "duration_ms": 34976,
  "total_duration_seconds": 34.976,
  "executor_start": 1777017028.3665984,
  "executor_end": 1777017063.3425112,
  "executor_duration_seconds": 34.976
}
