{
  "total_tokens": 0,
  "duration_ms": 36397,
  "total_duration_seconds": 36.397,
  "executor_start": 1777016372.8736734,
  "executor_end": 1777016409.2709694,
  "executor_duration_seconds": 36.397
}
