{
  "total_tokens": 0,
  "duration_ms": 46220,
  "total_duration_seconds": 46.22,
  "executor_start": 1777008409.9982734,
  "executor_end": 1777008456.2180166,
  "executor_duration_seconds": 46.22
}
