{
  "total_tokens": 0,
  "duration_ms": 17519,
  "total_duration_seconds": 17.519,
  "executor_start": 1777009396.232793,
  "executor_end": 1777009413.7515347,
  "executor_duration_seconds": 17.519
}
