{
  "total_tokens": 0,
  "duration_ms": 17447,
  "total_duration_seconds": 17.447,
  "executor_start": 1777008456.2194088,
  "executor_end": 1777008473.6660721,
  "executor_duration_seconds": 17.447
}
