{
  "total_tokens": 0,
  "duration_ms": 27739,
  "total_duration_seconds": 27.739,
  "executor_start": 1777005287.0352378,
  "executor_end": 1777005314.7737396,
  "executor_duration_seconds": 27.739
}
