{
  "total_tokens": 0,
  "duration_ms": 25235,
  "total_duration_seconds": 25.235,
  "executor_start": 1777006840.9575064,
  "executor_end": 1777006866.1929555,
  "executor_duration_seconds": 25.235
}
