{
  "total_tokens": 0,
  "duration_ms": 31619,
  "total_duration_seconds": 31.619,
  "executor_start": 1777012427.019627,
  "executor_end": 1777012458.6388452,
  "executor_duration_seconds": 31.619
}
