{
  "total_tokens": 0,
  "duration_ms": 63602,
  "total_duration_seconds": 63.603,
  "executor_start": 1776951152.7067387,
  "executor_end": 1776951216.3094735,
  "executor_duration_seconds": 63.603
}