{
  "total_tokens": 0,
  "duration_ms": 30581,
  "total_duration_seconds": 30.581,
  "executor_start": 1777009316.2058353,
  "executor_end": 1777009346.786836,
  "executor_duration_seconds": 30.581
}
