{
  "total_tokens": 0,
  "duration_ms": 64703,
  "total_duration_seconds": 64.703,
  "executor_start": 1776948771.3588011,
  "executor_end": 1776948836.0619328,
  "executor_duration_seconds": 64.703
}