{
  "total_tokens": 0,
  "duration_ms": 33332,
  "total_duration_seconds": 33.332,
  "executor_start": 1777012607.046588,
  "executor_end": 1777012640.378192,
  "executor_duration_seconds": 33.332
}
