{
  "total_tokens": 0,
  "duration_ms": 32210,
  "total_duration_seconds": 32.21,
  "executor_start": 1777016996.1551452,
  "executor_end": 1777017028.365238,
  "executor_duration_seconds": 32.21
}
