{
  "total_tokens": 0,
  "duration_ms": 35755,
  "total_duration_seconds": 35.755,
  "executor_start": 1777009570.9656801,
  "executor_end": 1777009606.720195,
  "executor_duration_seconds": 35.755
}
