{
  "total_tokens": 0,
  "duration_ms": 27059,
  "total_duration_seconds": 27.059,
  "executor_start": 1777008607.7257671,
  "executor_end": 1777008634.784942,
  "executor_duration_seconds": 27.059
}
