{
  "total_tokens": 0,
  "duration_ms": 46981,
  "total_duration_seconds": 46.982,
  "executor_start": 1776952126.497913,
  "executor_end": 1776952173.479902,
  "executor_duration_seconds": 46.982
}