{
  "total_tokens": 0,
  "duration_ms": 37047,
  "total_duration_seconds": 37.047,
  "executor_start": 1777016890.4958167,
  "executor_end": 1777016927.5427642,
  "executor_duration_seconds": 37.047
}
