{
  "total_tokens": 0,
  "duration_ms": 33676,
  "total_duration_seconds": 33.676,
  "executor_start": 1777005199.4748697,
  "executor_end": 1777005233.1513343,
  "executor_duration_seconds": 33.676
}
