{
  "total_tokens": 0,
  "duration_ms": 28439,
  "total_duration_seconds": 28.439,
  "executor_start": 1777009542.5251179,
  "executor_end": 1777009570.9643426,
  "executor_duration_seconds": 28.439
}
