{
  "total_tokens": 0,
  "duration_ms": 44496,
  "total_duration_seconds": 44.496,
  "executor_start": 1776954682.7349494,
  "executor_end": 1776954727.230947,
  "executor_duration_seconds": 44.496
}
