{
  "total_tokens": 0,
  "duration_ms": 37884,
  "total_duration_seconds": 37.884,
  "executor_start": 1777011605.6358902,
  "executor_end": 1777011643.5199747,
  "executor_duration_seconds": 37.884
}
