{
  "total_tokens": 0,
  "duration_ms": 44674,
  "total_duration_seconds": 44.674,
  "executor_start": 1776956298.1381538,
  "executor_end": 1776956342.8123338,
  "executor_duration_seconds": 44.674
}
