{
  "total_tokens": 0,
  "duration_ms": 30509,
  "total_duration_seconds": 30.509,
  "executor_start": 1777017621.325788,
  "executor_end": 1777017651.834845,
  "executor_duration_seconds": 30.509
}
