{
  "total_tokens": 0,
  "duration_ms": 33038,
  "total_duration_seconds": 33.038,
  "executor_start": 1777016279.1817167,
  "executor_end": 1777016312.2200096,
  "executor_duration_seconds": 33.038
}
