{
  "total_tokens": 0,
  "duration_ms": 19258,
  "total_duration_seconds": 19.258,
  "executor_start": 1777011586.3769004,
  "executor_end": 1777011605.634486,
  "executor_duration_seconds": 19.258
}
