{
  "total_tokens": 0,
  "duration_ms": 74680,
  "total_duration_seconds": 74.68,
  "executor_start": 1776956163.8649664,
  "executor_end": 1776956238.5447547,
  "executor_duration_seconds": 74.68
}
