{
  "total_tokens": 0,
  "duration_ms": 18281,
  "total_duration_seconds": 18.281,
  "executor_start": 1777008320.397836,
  "executor_end": 1777008338.6785805,
  "executor_duration_seconds": 18.281
}
