{
  "total_tokens": 0,
  "duration_ms": 31872,
  "total_duration_seconds": 31.872,
  "executor_start": 1776999131.388568,
  "executor_end": 1776999163.260098,
  "executor_duration_seconds": 31.872
}
