{
  "total_tokens": 0,
  "duration_ms": 13066,
  "total_duration_seconds": 13.066,
  "executor_start": 1777011828.2124443,
  "executor_end": 1777011841.278332,
  "executor_duration_seconds": 13.066
}
