{
  "total_tokens": 0,
  "duration_ms": 19299,
  "total_duration_seconds": 19.299,
  "executor_start": 1777012854.356188,
  "executor_end": 1777012873.6551638,
  "executor_duration_seconds": 19.299
}
