{
  "total_tokens": 0,
  "duration_ms": 27003,
  "total_duration_seconds": 27.003,
  "executor_start": 1777009480.4398677,
  "executor_end": 1777009507.442739,
  "executor_duration_seconds": 27.003
}
