{
  "total_tokens": 0,
  "duration_ms": 18215,
  "total_duration_seconds": 18.215,
  "executor_start": 1777006603.4970498,
  "executor_end": 1777006621.711565,
  "executor_duration_seconds": 18.215
}
