{
  "total_tokens": 0,
  "duration_ms": 14213,
  "total_duration_seconds": 14.213,
  "executor_start": 1776997777.2751265,
  "executor_end": 1776997791.4882202,
  "executor_duration_seconds": 14.213
}
