{
  "total_tokens": 0,
  "duration_ms": 91529,
  "total_duration_seconds": 91.53,
  "executor_start": 1776951152.7059321,
  "executor_end": 1776951244.2356892,
  "executor_duration_seconds": 91.53
}