{
  "total_tokens": 0,
  "duration_ms": 22349,
  "total_duration_seconds": 22.349,
  "executor_start": 1777005149.13387,
  "executor_end": 1777005171.482477,
  "executor_duration_seconds": 22.349
}
