{
  "total_tokens": 0,
  "duration_ms": 17121,
  "total_duration_seconds": 17.121,
  "executor_start": 1777011769.609765,
  "executor_end": 1777011786.7307186,
  "executor_duration_seconds": 17.121
}
