{
  "total_tokens": 0,
  "duration_ms": 18230,
  "total_duration_seconds": 18.23,
  "executor_start": 1776999074.2900136,
  "executor_end": 1776999092.519904,
  "executor_duration_seconds": 18.23
}
