{
  "total_tokens": 0,
  "duration_ms": 27290,
  "total_duration_seconds": 27.29,
  "executor_start": 1777008293.1065207,
  "executor_end": 1777008320.396512,
  "executor_duration_seconds": 27.29
}
