{
  "total_tokens": 0,
  "duration_ms": 19489,
  "total_duration_seconds": 19.489,
  "executor_start": 1776995656.806461,
  "executor_end": 1776995676.29511,
  "executor_duration_seconds": 19.489
}
