{
  "total_tokens": 0,
  "duration_ms": 18401,
  "total_duration_seconds": 18.401,
  "executor_start": 1777008589.3212483,
  "executor_end": 1777008607.722226,
  "executor_duration_seconds": 18.401
}
