{
  "total_tokens": 0,
  "duration_ms": 59590,
  "total_duration_seconds": 59.59,
  "executor_start": 1776956238.5462995,
  "executor_end": 1776956298.136509,
  "executor_duration_seconds": 59.59
}
