{
  "total_tokens": 0,
  "duration_ms": 35849,
  "total_duration_seconds": 35.849,
  "executor_start": 1777017406.5586705,
  "executor_end": 1777017442.407829,
  "executor_duration_seconds": 35.849
}
