{
  "total_tokens": 0,
  "duration_ms": 25290,
  "total_duration_seconds": 25.29,
  "executor_start": 1777009692.659901,
  "executor_end": 1777009717.9499397,
  "executor_duration_seconds": 25.29
}
