{
  "total_tokens": 0,
  "duration_ms": 101474,
  "total_duration_seconds": 101.474,
  "executor_start": 1776954581.2589326,
  "executor_end": 1776954682.733272,
  "executor_duration_seconds": 101.474
}
