{
  "total_tokens": 0,
  "duration_ms": 27988,
  "total_duration_seconds": 27.988,
  "executor_start": 1777005171.4852226,
  "executor_end": 1777005199.4732943,
  "executor_duration_seconds": 27.988
}
