{
  "total_tokens": 0,
  "duration_ms": 31870,
  "total_duration_seconds": 31.87,
  "executor_start": 1777011643.5213194,
  "executor_end": 1777011675.3909595,
  "executor_duration_seconds": 31.87
}
