{
  "total_tokens": 0,
  "duration_ms": 24907,
  "total_duration_seconds": 24.907,
  "executor_start": 1777006670.2852883,
  "executor_end": 1777006695.1918316,
  "executor_duration_seconds": 24.907
}
