{
  "total_tokens": 0,
  "duration_ms": 42597,
  "total_duration_seconds": 42.597,
  "executor_start": 1777016097.9965281,
  "executor_end": 1777016140.5934415,
  "executor_duration_seconds": 42.597
}
