{
  "total_tokens": 0,
  "duration_ms": 28643,
  "total_duration_seconds": 28.643,
  "executor_start": 1777006695.1936133,
  "executor_end": 1777006723.8366838,
  "executor_duration_seconds": 28.643
}
