{
  "total_tokens": 0,
  "duration_ms": 58023,
  "total_duration_seconds": 58.023,
  "executor_start": 1776949168.2647521,
  "executor_end": 1776949226.287856,
  "executor_duration_seconds": 58.023
}