{
  "total_tokens": 0,
  "duration_ms": 25395,
  "total_duration_seconds": 25.395,
  "executor_start": 1776997886.1282718,
  "executor_end": 1776997911.523118,
  "executor_duration_seconds": 25.395
}
