{
  "total_tokens": 0,
  "duration_ms": 28846,
  "total_duration_seconds": 28.846,
  "executor_start": 1777005233.1531196,
  "executor_end": 1777005261.9987433,
  "executor_duration_seconds": 28.846
}
