{
  "total_tokens": 0,
  "duration_ms": 31965,
  "total_duration_seconds": 31.965,
  "executor_start": 1777011401.384345,
  "executor_end": 1777011433.3493516,
  "executor_duration_seconds": 31.965
}
