{
  "total_tokens": 0,
  "duration_ms": 13370,
  "total_duration_seconds": 13.37,
  "executor_start": 1776998936.4678755,
  "executor_end": 1776998949.838311,
  "executor_duration_seconds": 13.37
}
