{
  "total_tokens": 0,
  "duration_ms": 25550,
  "total_duration_seconds": 25.55,
  "executor_start": 1777011560.8257782,
  "executor_end": 1777011586.3754785,
  "executor_duration_seconds": 25.55
}
