{
  "total_tokens": 0,
  "duration_ms": 42774,
  "total_duration_seconds": 42.774,
  "executor_start": 1777016461.357171,
  "executor_end": 1777016504.1310656,
  "executor_duration_seconds": 42.774
}
