{
  "total_tokens": 0,
  "duration_ms": 101473,
  "total_duration_seconds": 101.473,
  "executor_start": 1776952126.4960501,
  "executor_end": 1776952227.9691703,
  "executor_duration_seconds": 101.473
}