{
  "total_tokens": 0,
  "duration_ms": 36347,
  "total_duration_seconds": 36.347,
  "executor_start": 1777017442.4098094,
  "executor_end": 1777017478.757263,
  "executor_duration_seconds": 36.347
}
