{
  "total_tokens": 0,
  "duration_ms": 21817,
  "total_duration_seconds": 21.817,
  "executor_start": 1777012405.2010143,
  "executor_end": 1777012427.0178478,
  "executor_duration_seconds": 21.817
}
