{
  "total_tokens": 0,
  "duration_ms": 35935,
  "total_duration_seconds": 35.935,
  "executor_start": 1777016960.2190123,
  "executor_end": 1777016996.1536124,
  "executor_duration_seconds": 35.935
}
