{
  "total_tokens": 0,
  "duration_ms": 16524,
  "total_duration_seconds": 16.524,
  "executor_start": 1777006621.7129357,
  "executor_end": 1777006638.2368245,
  "executor_duration_seconds": 16.524
}
