{
  "total_tokens": 0,
  "duration_ms": 23290,
  "total_duration_seconds": 23.29,
  "executor_start": 1776999050.9982638,
  "executor_end": 1776999074.288608,
  "executor_duration_seconds": 23.29
}
