{
  "total_tokens": 0,
  "duration_ms": 37969,
  "total_duration_seconds": 37.969,
  "executor_start": 1776955994.212054,
  "executor_end": 1776956032.1806772,
  "executor_duration_seconds": 37.969
}
