{
  "total_tokens": 0,
  "duration_ms": 26662,
  "total_duration_seconds": 26.662,
  "executor_start": 1777016409.272428,
  "executor_end": 1777016435.9344132,
  "executor_duration_seconds": 26.662
}
