{
  "total_tokens": 0,
  "duration_ms": 32673,
  "total_duration_seconds": 32.673,
  "executor_start": 1777016927.5441308,
  "executor_end": 1777016960.2175958,
  "executor_duration_seconds": 32.673
}
