{
  "total_tokens": 0,
  "duration_ms": 47663,
  "total_duration_seconds": 47.663,
  "executor_start": 1776948771.360283,
  "executor_end": 1776948819.0233777,
  "executor_duration_seconds": 47.663
}