{
  "total_tokens": 0,
  "duration_ms": 26873,
  "total_duration_seconds": 26.873,
  "executor_start": 1776995551.255798,
  "executor_end": 1776995578.1285918,
  "executor_duration_seconds": 26.873
}
