{
  "total_tokens": 0,
  "duration_ms": 26494,
  "total_duration_seconds": 26.494,
  "executor_start": 1776998949.839624,
  "executor_end": 1776998976.3332515,
  "executor_duration_seconds": 26.494
}
