{
  "total_tokens": 0,
  "duration_ms": 34871,
  "total_duration_seconds": 34.871,
  "executor_start": 1777012712.151583,
  "executor_end": 1777012747.0228558,
  "executor_duration_seconds": 34.871
}
