{
  "total_tokens": 0,
  "duration_ms": 27720,
  "total_duration_seconds": 27.72,
  "executor_start": 1777005066.406323,
  "executor_end": 1777005094.1265132,
  "executor_duration_seconds": 27.72
}
