{
  "total_tokens": 0,
  "duration_ms": 35761,
  "total_duration_seconds": 35.762,
  "executor_start": 1776952126.4965572,
  "executor_end": 1776952162.2581754,
  "executor_duration_seconds": 35.762
}