{
  "total_tokens": 0,
  "duration_ms": 72990,
  "total_duration_seconds": 72.991,
  "executor_start": 1776952126.4974308,
  "executor_end": 1776952199.488334,
  "executor_duration_seconds": 72.991
}