{
  "total_tokens": 0,
  "duration_ms": 20187,
  "total_duration_seconds": 20.187,
  "executor_start": 1777016613.505897,
  "executor_end": 1777016633.6926806,
  "executor_duration_seconds": 20.187
}
