{
  "total_tokens": 0,
  "duration_ms": 37895,
  "total_duration_seconds": 37.895,
  "executor_start": 1777017478.7588532,
  "executor_end": 1777017516.654101,
  "executor_duration_seconds": 37.895
}
