{
  "total_tokens": 0,
  "duration_ms": 75033,
  "total_duration_seconds": 75.033,
  "executor_start": 1777017546.291378,
  "executor_end": 1777017621.3242428,
  "executor_duration_seconds": 75.033
}
