{
  "total_tokens": 0,
  "duration_ms": 32482,
  "total_duration_seconds": 32.482,
  "executor_start": 1776998976.3349273,
  "executor_end": 1776999008.8164804,
  "executor_duration_seconds": 32.482
}
