{
  "total_tokens": 0,
  "duration_ms": 19298,
  "total_duration_seconds": 19.298,
  "executor_start": 1777016565.761021,
  "executor_end": 1777016585.0590105,
  "executor_duration_seconds": 19.298
}
