{
  "total_tokens": 0,
  "duration_ms": 41100,
  "total_duration_seconds": 41.1,
  "executor_start": 1777016056.8950028,
  "executor_end": 1777016097.9951656,
  "executor_duration_seconds": 41.1
}
