{
  "total_tokens": 0,
  "duration_ms": 25420,
  "total_duration_seconds": 25.42,
  "executor_start": 1777016435.9361587,
  "executor_end": 1777016461.35576,
  "executor_duration_seconds": 25.42
}
