{
  "total_tokens": 0,
  "duration_ms": 37734,
  "total_duration_seconds": 37.734,
  "executor_start": 1777017368.8230836,
  "executor_end": 1777017406.5572278,
  "executor_duration_seconds": 37.734
}
