{
  "total_tokens": 0,
  "duration_ms": 25152,
  "total_duration_seconds": 25.152,
  "executor_start": 1777012458.6402183,
  "executor_end": 1777012483.792456,
  "executor_duration_seconds": 25.152
}
