{
  "total_tokens": 0,
  "duration_ms": 24372,
  "total_duration_seconds": 24.372,
  "executor_start": 1777016008.200179,
  "executor_end": 1777016032.571871,
  "executor_duration_seconds": 24.372
}
