{
  "total_tokens": 0,
  "duration_ms": 15429,
  "total_duration_seconds": 15.429,
  "executor_start": 1777008573.8898532,
  "executor_end": 1777008589.3193228,
  "executor_duration_seconds": 15.429
}
