{
  "total_tokens": 0,
  "duration_ms": 50871,
  "total_duration_seconds": 50.871,
  "executor_start": 1776956032.182637,
  "executor_end": 1776956083.0535085,
  "executor_duration_seconds": 50.871
}
