{
  "total_tokens": 0,
  "duration_ms": 28390,
  "total_duration_seconds": 28.39,
  "executor_start": 1777016862.104158,
  "executor_end": 1777016890.4945447,
  "executor_duration_seconds": 28.39
}
