{
  "total_tokens": 0,
  "duration_ms": 42179,
  "total_duration_seconds": 42.179,
  "executor_start": 1776999008.8183308,
  "executor_end": 1776999050.9968672,
  "executor_duration_seconds": 42.179
}
