{
  "total_tokens": 0,
  "duration_ms": 35079,
  "total_duration_seconds": 35.079,
  "executor_start": 1777009507.4440856,
  "executor_end": 1777009542.5235782,
  "executor_duration_seconds": 35.079
}
