{
  "total_tokens": 0,
  "duration_ms": 28133,
  "total_duration_seconds": 28.133,
  "executor_start": 1776997974.3637397,
  "executor_end": 1776998002.4965866,
  "executor_duration_seconds": 28.133
}
