{
  "total_tokens": 0,
  "duration_ms": 26503,
  "total_duration_seconds": 26.503,
  "executor_start": 1776995496.324593,
  "executor_end": 1776995522.8278286,
  "executor_duration_seconds": 26.503
}
