{
  "total_tokens": 0,
  "duration_ms": 27679,
  "total_duration_seconds": 27.679,
  "executor_start": 1777005094.1283221,
  "executor_end": 1777005121.8071182,
  "executor_duration_seconds": 27.679
}
