{
  "total_tokens": 0,
  "duration_ms": 16895,
  "total_duration_seconds": 16.895,
  "executor_start": 1777006723.8380237,
  "executor_end": 1777006740.7328503,
  "executor_duration_seconds": 16.895
}
