{
  "total_tokens": 0,
  "duration_ms": 14041,
  "total_duration_seconds": 14.041,
  "executor_start": 1777008199.2106042,
  "executor_end": 1777008213.2513509,
  "executor_duration_seconds": 14.041
}
