{
  "total_tokens": 0,
  "duration_ms": 78149,
  "total_duration_seconds": 78.149,
  "executor_start": 1777017161.5205235,
  "executor_end": 1777017239.6695895,
  "executor_duration_seconds": 78.149
}
