{
  "total_tokens": 0,
  "duration_ms": 26895,
  "total_duration_seconds": 26.895,
  "executor_start": 1777006866.1943007,
  "executor_end": 1777006893.0888066,
  "executor_duration_seconds": 26.895
}
