{
  "total_tokens": 0,
  "duration_ms": 25150,
  "total_duration_seconds": 25.15,
  "executor_start": 1776997791.4895937,
  "executor_end": 1776997816.6391757,
  "executor_duration_seconds": 25.15
}
