{
  "total_tokens": 0,
  "duration_ms": 20715,
  "total_duration_seconds": 20.715,
  "executor_start": 1777005045.6888463,
  "executor_end": 1777005066.4036858,
  "executor_duration_seconds": 20.715
}
