{
  "total_tokens": 0,
  "duration_ms": 32252,
  "total_duration_seconds": 32.252,
  "executor_start": 1777008230.3527596,
  "executor_end": 1777008262.6046827,
  "executor_duration_seconds": 32.252
}
