{
  "total_tokens": 0,
  "duration_ms": 24028,
  "total_duration_seconds": 24.028,
  "executor_start": 1777012830.326337,
  "executor_end": 1777012854.3548017,
  "executor_duration_seconds": 24.028
}
