{
  "total_tokens": 0,
  "duration_ms": 28908,
  "total_duration_seconds": 28.908,
  "executor_start": 1777012801.4163597,
  "executor_end": 1777012830.3247979,
  "executor_duration_seconds": 28.908
}
