{
  "total_tokens": 0,
  "duration_ms": 20572,
  "total_duration_seconds": 20.572,
  "executor_start": 1777011462.0472257,
  "executor_end": 1777011482.618877,
  "executor_duration_seconds": 20.572
}
