{
  "total_tokens": 0,
  "duration_ms": 98335,
  "total_duration_seconds": 98.335,
  "executor_start": 1776951152.707208,
  "executor_end": 1776951251.042608,
  "executor_duration_seconds": 98.335
}