{
  "total_tokens": 0,
  "duration_ms": 42380,
  "total_duration_seconds": 42.38,
  "executor_start": 1776954332.4148445,
  "executor_end": 1776954374.7948096,
  "executor_duration_seconds": 42.38
}
