{
  "total_tokens": 0,
  "duration_ms": 30028,
  "total_duration_seconds": 30.028,
  "executor_start": 1777011675.392623,
  "executor_end": 1777011705.420633,
  "executor_duration_seconds": 30.028
}
