{
  "total_tokens": 0,
  "duration_ms": 38865,
  "total_duration_seconds": 38.865,
  "executor_start": 1776999092.5213332,
  "executor_end": 1776999131.386827,
  "executor_duration_seconds": 38.865
}
