{
  "total_tokens": 0,
  "duration_ms": 26988,
  "total_duration_seconds": 26.988,
  "executor_start": 1777006813.9681678,
  "executor_end": 1777006840.955967,
  "executor_duration_seconds": 26.988
}
