{
  "total_tokens": 0,
  "duration_ms": 34708,
  "total_duration_seconds": 34.708,
  "executor_start": 1777016244.4722006,
  "executor_end": 1777016279.1803832,
  "executor_duration_seconds": 34.708
}
