{
  "total_tokens": 0,
  "duration_ms": 90916,
  "total_duration_seconds": 90.916,
  "executor_start": 1776954420.7778893,
  "executor_end": 1776954511.6940966,
  "executor_duration_seconds": 90.916
}
