{
  "total_tokens": 0,
  "duration_ms": 24258,
  "total_duration_seconds": 24.258,
  "executor_start": 1777012747.0242538,
  "executor_end": 1777012771.28241,
  "executor_duration_seconds": 24.258
}
