{
  "total_tokens": 0,
  "duration_ms": 32136,
  "total_duration_seconds": 32.136,
  "executor_start": 1776997816.6405852,
  "executor_end": 1776997848.77656,
  "executor_duration_seconds": 32.136
}
