{
  "total_tokens": 0,
  "duration_ms": 28424,
  "total_duration_seconds": 28.424,
  "executor_start": 1776995522.8300283,
  "executor_end": 1776995551.2540612,
  "executor_duration_seconds": 28.424
}
