{
  "total_tokens": 0,
  "duration_ms": 37323,
  "total_duration_seconds": 37.323,
  "executor_start": 1777016504.1325977,
  "executor_end": 1777016541.4556034,
  "executor_duration_seconds": 37.323
}
