{
  "total_tokens": 0,
  "duration_ms": 74480,
  "total_duration_seconds": 74.481,
  "executor_start": 1776951152.7069793,
  "executor_end": 1776951227.1879067,
  "executor_duration_seconds": 74.481
}