{
  "total_tokens": 0,
  "duration_ms": 36742,
  "total_duration_seconds": 36.742,
  "executor_start": 1777011333.8865745,
  "executor_end": 1777011370.6289008,
  "executor_duration_seconds": 36.742
}
