{
  "total_tokens": 0,
  "duration_ms": 74134,
  "total_duration_seconds": 74.134,
  "executor_start": 1776949226.2894878,
  "executor_end": 1776949300.4236088,
  "executor_duration_seconds": 74.134
}