{
  "total_tokens": 0,
  "duration_ms": 69561,
  "total_duration_seconds": 69.561,
  "executor_start": 1776954511.695818,
  "executor_end": 1776954581.2570937,
  "executor_duration_seconds": 69.561
}
