{
  "total_tokens": 0,
  "duration_ms": 37349,
  "total_duration_seconds": 37.349,
  "executor_start": 1776997848.7779624,
  "executor_end": 1776997886.1268713,
  "executor_duration_seconds": 37.349
}
