{
  "total_tokens": 0,
  "duration_ms": 28444,
  "total_duration_seconds": 28.444,
  "executor_start": 1777016585.0606165,
  "executor_end": 1777016613.504496,
  "executor_duration_seconds": 28.444
}
