{
  "total_tokens": 0,
  "duration_ms": 31183,
  "total_duration_seconds": 31.183,
  "executor_start": 1777017337.638461,
  "executor_end": 1777017368.8217466,
  "executor_duration_seconds": 31.183
}
