{
  "total_tokens": 0,
  "duration_ms": 33226,
  "total_duration_seconds": 33.226,
  "executor_start": 1777006780.7407436,
  "executor_end": 1777006813.966675,
  "executor_duration_seconds": 33.226
}
