{
  "total_tokens": 0,
  "duration_ms": 97966,
  "total_duration_seconds": 97.966,
  "executor_start": 1777017239.6710284,
  "executor_end": 1777017337.6370623,
  "executor_duration_seconds": 97.966
}
