{
  "total_tokens": 0,
  "duration_ms": 26119,
  "total_duration_seconds": 26.119,
  "executor_start": 1776995470.2028346,
  "executor_end": 1776995496.322291,
  "executor_duration_seconds": 26.119
}
