{
  "total_tokens": 0,
  "duration_ms": 33691,
  "total_duration_seconds": 33.691,
  "executor_start": 1777008338.6800406,
  "executor_end": 1777008372.3707037,
  "executor_duration_seconds": 33.691
}
