{
  "total_tokens": 0,
  "duration_ms": 30752,
  "total_duration_seconds": 30.752,
  "executor_start": 1777011370.630533,
  "executor_end": 1777011401.3830152,
  "executor_duration_seconds": 30.752
}
