{
  "total_tokens": 0,
  "duration_ms": 13964,
  "total_duration_seconds": 13.964,
  "executor_start": 1777009280.1834576,
  "executor_end": 1777009294.1474159,
  "executor_duration_seconds": 13.964
}
