{
  "total_tokens": 0,
  "duration_ms": 33956,
  "total_duration_seconds": 33.956,
  "executor_start": 1777009413.752827,
  "executor_end": 1777009447.7086103,
  "executor_duration_seconds": 33.956
}
