{
  "total_tokens": 0,
  "duration_ms": 29996,
  "total_duration_seconds": 29.996,
  "executor_start": 1777011739.6124046,
  "executor_end": 1777011769.6082127,
  "executor_duration_seconds": 29.996
}
