{
  "total_tokens": 0,
  "duration_ms": 50781,
  "total_duration_seconds": 50.782,
  "executor_start": 1776951152.707384,
  "executor_end": 1776951203.488962,
  "executor_duration_seconds": 50.782
}