{
  "total_tokens": 0,
  "duration_ms": 26450,
  "total_duration_seconds": 26.45,
  "executor_start": 1777012483.7941637,
  "executor_end": 1777012510.2443287,
  "executor_duration_seconds": 26.45
}
