{
  "total_tokens": 0,
  "duration_ms": 24302,
  "total_duration_seconds": 24.302,
  "executor_start": 1777016541.4571981,
  "executor_end": 1777016565.7596133,
  "executor_duration_seconds": 24.302
}
