{
  "total_tokens": 0,
  "duration_ms": 20234,
  "total_duration_seconds": 20.234,
  "executor_start": 1777016312.2218704,
  "executor_end": 1777016332.4563136,
  "executor_duration_seconds": 20.234
}
