{
  "total_tokens": 0,
  "duration_ms": 24320,
  "total_duration_seconds": 24.32,
  "executor_start": 1777016032.5733223,
  "executor_end": 1777016056.8936584,
  "executor_duration_seconds": 24.32
}
