{
  "total_tokens": 0,
  "duration_ms": 38155,
  "total_duration_seconds": 38.155,
  "executor_start": 1777017101.4741132,
  "executor_end": 1777017139.6290603,
  "executor_duration_seconds": 38.155
}
