{
  "total_tokens": 0,
  "duration_ms": 31150,
  "total_duration_seconds": 31.15,
  "executor_start": 1777011302.7357032,
  "executor_end": 1777011333.885233,
  "executor_duration_seconds": 31.15
}
