{
  "total_tokens": 0,
  "duration_ms": 41478,
  "total_duration_seconds": 41.478,
  "executor_start": 1777011786.7324822,
  "executor_end": 1777011828.210821,
  "executor_duration_seconds": 41.478
}
