{
  "total_tokens": 0,
  "duration_ms": 37625,
  "total_duration_seconds": 37.625,
  "executor_start": 1777008372.372316,
  "executor_end": 1777008409.9968657,
  "executor_duration_seconds": 37.625
}
