{
  "total_tokens": 0,
  "duration_ms": 27316,
  "total_duration_seconds": 27.316,
  "executor_start": 1777005121.8153186,
  "executor_end": 1777005149.131717,
  "executor_duration_seconds": 27.316
}
