{
  "total_tokens": 0,
  "duration_ms": 19479,
  "total_duration_seconds": 19.479,
  "executor_start": 1777012692.6714983,
  "executor_end": 1777012712.1502266,
  "executor_duration_seconds": 19.479
}
