{
  "total_tokens": 0,
  "duration_ms": 30923,
  "total_duration_seconds": 30.923,
  "executor_start": 1776995578.130912,
  "executor_end": 1776995609.0539184,
  "executor_duration_seconds": 30.923
}
