{
  "total_tokens": 0,
  "duration_ms": 32428,
  "total_duration_seconds": 32.428,
  "executor_start": 1777012660.2420113,
  "executor_end": 1777012692.669919,
  "executor_duration_seconds": 32.428
}
