{
  "total_tokens": 0,
  "duration_ms": 40005,
  "total_duration_seconds": 40.005,
  "executor_start": 1777006740.7342098,
  "executor_end": 1777006780.7392418,
  "executor_duration_seconds": 40.005
}
