{
  "total_tokens": 0,
  "duration_ms": 29294,
  "total_duration_seconds": 29.294,
  "executor_start": 1777006893.0902455,
  "executor_end": 1777006922.3845346,
  "executor_duration_seconds": 29.294
}
