{
  "total_tokens": 0,
  "duration_ms": 22503,
  "total_duration_seconds": 22.503,
  "executor_start": 1777009373.7279544,
  "executor_end": 1777009396.2314312,
  "executor_duration_seconds": 22.503
}
