{
  "total_tokens": 0,
  "duration_ms": 82669,
  "total_duration_seconds": 82.67,
  "executor_start": 1776949300.4252152,
  "executor_end": 1776949383.0948544,
  "executor_duration_seconds": 82.67
}