{
  "total_tokens": 0,
  "duration_ms": 44862,
  "total_duration_seconds": 44.863,
  "executor_start": 1776951152.7062569,
  "executor_end": 1776951197.5691075,
  "executor_duration_seconds": 44.863
}