{
  "total_tokens": 0,
  "duration_ms": 27090,
  "total_duration_seconds": 27.09,
  "executor_start": 1777008546.7959552,
  "executor_end": 1777008573.8860905,
  "executor_duration_seconds": 27.09
}
