{
  "total_tokens": 0,
  "duration_ms": 19474,
  "total_duration_seconds": 19.474,
  "executor_start": 1777009642.7022073,
  "executor_end": 1777009662.176015,
  "executor_duration_seconds": 19.474
}
