{
  "total_tokens": 0,
  "duration_ms": 35979,
  "total_duration_seconds": 35.979,
  "executor_start": 1777009606.7216415,
  "executor_end": 1777009642.7008684,
  "executor_duration_seconds": 35.979
}
