{
  "total_tokens": 0,
  "duration_ms": 26938,
  "total_duration_seconds": 26.938,
  "executor_start": 1777009346.7881112,
  "executor_end": 1777009373.7264798,
  "executor_duration_seconds": 26.938
}
