{
  "total_tokens": 0,
  "duration_ms": 18008,
  "total_duration_seconds": 18.008,
  "executor_start": 1776995609.055864,
  "executor_end": 1776995627.0640292,
  "executor_duration_seconds": 18.008
}
