{
  "total_tokens": 0,
  "duration_ms": 31256,
  "total_duration_seconds": 31.256,
  "executor_start": 1777016213.2141876,
  "executor_end": 1777016244.4702556,
  "executor_duration_seconds": 31.256
}
