{
  "total_tokens": 0,
  "duration_ms": 45978,
  "total_duration_seconds": 45.978,
  "executor_start": 1776954374.7981143,
  "executor_end": 1776954420.7763543,
  "executor_duration_seconds": 45.978
}
