{
  "total_tokens": 0,
  "duration_ms": 73156,
  "total_duration_seconds": 73.157,
  "executor_start": 1776952126.497634,
  "executor_end": 1776952199.6541657,
  "executor_duration_seconds": 73.157
}