{
  "total_tokens": 0,
  "duration_ms": 26058,
  "total_duration_seconds": 26.058,
  "executor_start": 1776997911.5249197,
  "executor_end": 1776997937.5833442,
  "executor_duration_seconds": 26.058
}
