{
  "total_tokens": 0,
  "duration_ms": 19861,
  "total_duration_seconds": 19.861,
  "executor_start": 1777012640.3795795,
  "executor_end": 1777012660.2405977,
  "executor_duration_seconds": 19.861
}
