{
  "total_tokens": 0,
  "duration_ms": 32729,
  "total_duration_seconds": 32.729,
  "executor_start": 1777009447.710023,
  "executor_end": 1777009480.4385834,
  "executor_duration_seconds": 32.729
}
