{
  "total_tokens": 0,
  "duration_ms": 29634,
  "total_duration_seconds": 29.634,
  "executor_start": 1777017516.655539,
  "executor_end": 1777017546.290026,
  "executor_duration_seconds": 29.634
}
