{
  "total_tokens": 0,
  "duration_ms": 30499,
  "total_duration_seconds": 30.499,
  "executor_start": 1777008262.6060562,
  "executor_end": 1777008293.1048205,
  "executor_duration_seconds": 30.499
}
