{
  "total_tokens": 0,
  "duration_ms": 30481,
  "total_duration_seconds": 30.481,
  "executor_start": 1777009662.1774256,
  "executor_end": 1777009692.6586344,
  "executor_duration_seconds": 30.481
}
