{
  "total_tokens": 0,
  "duration_ms": 38129,
  "total_duration_seconds": 38.129,
  "executor_start": 1777017063.3439536,
  "executor_end": 1777017101.4726973,
  "executor_duration_seconds": 38.129
}
