{
  "total_tokens": 0,
  "duration_ms": 38173,
  "total_duration_seconds": 38.173,
  "executor_start": 1777008508.621274,
  "executor_end": 1777008546.7941492,
  "executor_duration_seconds": 38.173
}
