{
  "total_tokens": 0,
  "duration_ms": 34952,
  "total_duration_seconds": 34.952,
  "executor_start": 1777008473.6674387,
  "executor_end": 1777008508.6199174,
  "executor_duration_seconds": 34.952
}
