{
  "total_tokens": 0,
  "duration_ms": 36778,
  "total_duration_seconds": 36.778,
  "executor_start": 1776997937.5847886,
  "executor_end": 1776997974.362308,
  "executor_duration_seconds": 36.778
}
