{
  "total_tokens": 0,
  "duration_ms": 25126,
  "total_duration_seconds": 25.126,
  "executor_start": 1777012907.5332882,
  "executor_end": 1777012932.659743,
  "executor_duration_seconds": 25.126
}
