{
  "total_tokens": 0,
  "duration_ms": 33875,
  "total_duration_seconds": 33.875,
  "executor_start": 1777012873.656591,
  "executor_end": 1777012907.5318375,
  "executor_duration_seconds": 33.875
}
