{
  "total_tokens": 0,
  "duration_ms": 26197,
  "total_duration_seconds": 26.197,
  "executor_start": 1777011276.5370479,
  "executor_end": 1777011302.7338536,
  "executor_duration_seconds": 26.197
}
