{
  "total_tokens": 0,
  "duration_ms": 29738,
  "total_duration_seconds": 29.738,
  "executor_start": 1776995627.0667207,
  "executor_end": 1776995656.8047204,
  "executor_duration_seconds": 29.738
}
