{
  "total_tokens": 0,
  "duration_ms": 31127,
  "total_duration_seconds": 31.127,
  "executor_start": 1777005314.7757702,
  "executor_end": 1777005345.902779,
  "executor_duration_seconds": 31.127
}
