{
  "total_tokens": 0,
  "duration_ms": 25031,
  "total_duration_seconds": 25.031,
  "executor_start": 1777005262.0028493,
  "executor_end": 1777005287.0333562,
  "executor_duration_seconds": 25.031
}
